[
  {
    "communication_intent": "PAYMENT_PROCESSED",
    "communication_template": "ITN_MK-897B_ME070525",
    "communication_attributes": ["CARDLASTFOUR", "CARDTYPE", "DAYOFWEEK", "FIRSTNAME", "LASTNAME", "PAYMENTAMOUNT", "REFERENCENUM", "SENDDATE"]
  },
  {
    "communication_intent": "PAYMENT_SCHEDULED",
    "communication_template": "ITN_IT-314_ME070462",
    "communication_attributes": ["CARDLASTFOUR", "CARDTYPE", "DAYOFWEEK", "FIRSTNAME", "LASTNAME", "PAYMENTAMOUNT", "PAYMENTDATE", "SENDDATE"]
  },
  {
    "communication_intent": "PAYMENT_CANCELLED",
    "communication_template": "ITN_COLL-177_CE000064",
    "communication_attributes": ["CARDLASTFOUR", "CARDTYPE", "DAYOFWEEK", "FIRSTNAME", "LASTNAME", "PAYMENTAMOUNT", "PAYMENTDATE"]
  },
  {
    "communication_intent": "PAYMENT_RETURNED",
    "communication_template": "ITN_MK-886A_CE000053",
    "communication_attributes": ["CARDLASTFOUR", "CARDTYPE", "FIRSTNAME", "TRANSACTIONAMOUNT", "SENDDATE", "DAYOFWEEK", "POSTDATE", "LASTNAME"]
  },
  {
    "communication_intent": "ENABLE_AUTOPAY",
    "communication_template": "ITN_MK-754_CE000058_V2",
    "communication_attributes": ["CARDLASTFOUR", "CARDTYPE", "FIRSTNAME", "SENDDATE", "DAYOFWEEK", "LASTNAME"]
  },
  {
    "communication_intent": "DISABLE_AUTOPAY",
    "communication_template": "ITN_MK-754_CE000060",
    "communication_attributes": ["CARDLASTFOUR", "CARDTYPE", "FIRSTNAME", "SENDDATE", "DAYOFWEEK", "LASTNAME"]
  },
  {
    "communication_intent": "AUTO_PAY_ENROLL_MINIMUM_DUE",
    "communication_template": "ITN_ATP006",
    "communication_attributes": ["CARDLASTFOUR", "CARDTYPE", "FIRSTNAME","LASTNAME", "PAYMENTBANK", "PAYMENTDATE", "PAYMENTLAST4"]
  },
  {
    "communication_intent": "AUTO_PAY_ENROLL_STATEMENT_BALANCE",
    "communication_template": "ITN_ATP007",
    "communication_attributes": ["CARDLASTFOUR", "CARDTYPE", "FIRSTNAME","LASTNAME", "PAYMENTBANK", "PAYMENTDATE", "PAYMENTLAST4"]
  },
  {
    "communication_intent": "AUTO_PAY_ENROLL_STATEMENT_OTHER",
    "communication_template": "ITN_ATP008",
    "communication_attributes": ["CARDLASTFOUR", "CARDTYPE", "FIRSTNAME","LASTNAME","OTHERAMOUNT", "PAYMENTBANK", "PAYMENTDATE", "PAYMENTLAST4"]
  },
  {
    "communication_intent": "NOTIFY_AUTO_PAY",
    "communication_template": "ITN_ATP005",
    "communication_attributes": ["CARDLASTFOUR", "CARDTYPE", "FIRSTNAME","LASTNAME","PAYMENTBANK", "PAYMENTDATE", "PAYMENTLAST4", "TRANSACTIONAMOUNT"]
  },
  {
    "communication_intent": "AUTO_PAYMENT_CONFIRMATION",
    "communication_template": "ITN_ATP001",
    "communication_attributes": ["CARDLASTFOUR", "CARDTYPE", "FIRSTNAME","LASTNAME","PAYMENTAMOUNT","PAYMENTBANK","PAYMENTDATE", "PAYMENTLAST4"]
  },
  {
    "communication_intent": "CANCEL_SINGLE_INSTANCE_AUTO_PAYMENT",
    "communication_template": "ITN_ATP003",
    "communication_attributes": ["CARDLASTFOUR", "CARDTYPE", "FIRSTNAME", "LASTNAME", "PAYMENTAMOUNT", "NEXTPAYMENTDATE","PAYMENTDATE"]
  },
  {
    "communication_intent": "CANCEL_PAYMENT",
    "communication_template": "ITN_IT-314_ME070461",
    "communication_attributes": ["FIRSTNAME", "LASTNAME", "CARDLASTFOUR", "PLASTICCODE", "PAYMENTAMOUNT", "PAYMENTDATE"]
  },
  {
    "communication_intent": "PAYMENT_POSTED",
    "communication_template": "ITN_MK-516_CE000009",
    "communication_attributes": ["CARDLASTFOUR", "CARDTYPE","DAYOFWEEK", "FIRSTNAME","LASTNAME","SENDDATE"]
  }
]